<?xml version="1.0" encoding="utf-8"?>
<!DOCTYPE install SYSTEM "http://dev.joomla.org/xml/1.5/component-install.dtd">
<install type="component" method="upgrade" version="1.5">
	<name>TBEAR:TIMESHEET</name>
	<creationDate>2010-12-03</creationDate>
	<author>Torbjorn Zetterlund</author>
	<copyright>(c) 2010 ThunderBear Design</copyright>
	<license>http://www.gnu.org/copyleft/gpl.html GNU/GPL</license> 
	<authorEmail>support@thundebeardesign.com</authorEmail>
	<authorUrl>http://www.thunderbeardesign.com</authorUrl>
	<version>v 1.1</version>
	<description>TBEAR:TIMESHEET is an enterprise time capture applications.</description>
	
	<!-- Site Main File Copy Section -->
	<files folder="site">
		<folder>controllers</folder>
		<folder>css</folder>        
		<folder>images</folder> 
		<folder>js</folder>               
		<folder>models</folder>
		<folder>views</folder>
		<filename>tbeartimesheet.php</filename>
		<filename>router.php</filename>
		<filename>index.htm</filename>
	</files>

	<installfile>install.tbeartimesheet.php</installfile>
	<uninstallfile>uninstall.tbeartimesheet.php</uninstallfile>
	
<!-- Install Database Section -->	
	<install>
		<sql>
			<file driver="mysql" charset="utf8">install.tbeartimesheet.sql</file>
		</sql>
	</install>

	<uninstall>
		<sql>
			<file driver="mysql" charset="utf8">uninstall.tbeartimesheet.sql</file>
		</sql>
	</uninstall>
	
<!-- Administration Menu Section -->	
	<administration>
		<menu>.TBEAR:TIMESHEET</menu>
		<submenu>
			<menu link="option=com_tbeartimesheet">Dashboard</menu>
			<menu link="option=com_tbeartimesheet&amp;task=departments">Departments</menu>
		</submenu>
		
		<files>
			<filename>install.tbeartimesheet.php</filename>
			<filename>uninstall.tbeartimesheet.php</filename>
			<filename>install.tbeartimesheet.sql</filename>
			<filename>uninstall.tbeartimesheet.sql</filename>			
		</files>		
		
		<!-- Administration Main File Copy Section -->		
		<files folder="admin">
			<filename>tbeartimesheet.php</filename>
			<filename>index.htm</filename>
			<folder>assets</folder>
			<folder>controllers</folder>
			<folder>models</folder>
			<folder>tables</folder>
			<folder>views</folder>
		</files>
		
		<languages>
	        <language tag="en-GB">language/en-GB.com_tbeartimesheet.ini</language>
	    </languages>
		
	</administration>
	
</install>
		