INSERT INTO calendar_category (`ID`,`Category`,`Enable`) VALUES 
 (1,'General',1),
 (2,'Event',1),
 (3,'Public Holiday',1);

INSERT INTO config (`ID`,`Name`,`Default_Name`,`Version`,`Support`,`URL_Contact`,`InstallDate`,`Database_Name`,`Table_Prefix`,`ROOTDIR`,`MAX_FILE_SIZE`,`Logging`,`SessionFile`,`AnnouncementTicker`,`LogNumber`) VALUES 
 (1,'SocketTimesheet :: Php Web Based Timesheet','SocketTimesheet :: Php Web Based Timesheet, Exp','3.0','Creative Digital Resources Sdn. Bhd.','www.creative-dr.com','2007-03-03','socket_timesheet_demo','','/sockettimesheet_v3_020307/',1024000,0,1,3,10);

INSERT INTO country (`Code`,`Name`) VALUES 
 ('AF','Afghanistan'),
 ('AL','Albania'),
 ('DZ','Algeria'),
 ('AS','American Samoa'),
 ('AD','Andorra'),
 ('AO','Angola'),
 ('AI','Anguilla'),
 ('AQ','Antarctica'),
 ('AG','Antigua And Barbuda'),
 ('AR','Argentina'),
 ('AM','Armenia'),
 ('AW','Aruba'),
 ('AU','Australia'),
 ('AT','Austria'),
 ('AZ','Azerbaijan'),
 ('BS','Bahamas, The'),
 ('BH','Bahrain'),
 ('BD','Bangladesh'),
 ('BB','Barbados'),
 ('BY','Belarus'),
 ('BE','Belgium'),
 ('BZ','Belize'),
 ('BJ','Benin'),
 ('BM','Bermuda'),
 ('BT','Bhutan'),
 ('BO','Bolivia'),
 ('BA','Bosnia and Herzegovina'),
 ('BW','Botswana'),
 ('BV','Bouvet Island'),
 ('BR','Brazil'),
 ('IO','British Indian Ocean Territory'),
 ('BN','Brunei'),
 ('BG','Bulgaria'),
 ('BF','Burkina Faso'),
 ('BI','Burundi'),
 ('KH','Cambodia'),
 ('CM','Cameroon'),
 ('CA','Canada'),
 ('CV','Cape Verde'),
 ('KY','Cayman Islands'),
 ('CF','Central African Republic'),
 ('TD','Chad'),
 ('CL','Chile'),
 ('CN','China'),
 ('CX','Christmas Island'),
 ('CC','Cocos (Keeling) Islands');

INSERT INTO country (`Code`,`Name`) VALUES 
 ('CO','Colombia'),
 ('KM','Comoros'),
 ('CG','Congo'),
 ('CD','Congo, Democractic Republic of the'),
 ('CK','Cook Islands'),
 ('CR','Costa Rica'),
 ('CI','Cote D\'Ivoire (Ivory Coast)'),
 ('HR','Croatia (Hrvatska)'),
 ('CU','Cuba'),
 ('CY','Cyprus'),
 ('CZ','Czech Republic'),
 ('DK','Denmark'),
 ('DJ','Djibouti'),
 ('DM','Dominica'),
 ('DO','Dominican Republic'),
 ('TP','East Timor'),
 ('EC','Ecuador'),
 ('EG','Egypt'),
 ('SV','El Salvador'),
 ('GQ','Equatorial Guinea'),
 ('ER','Eritrea'),
 ('EE','Estonia'),
 ('ET','Ethiopia'),
 ('FK','Falkland Islands (Islas Malvinas)'),
 ('FO','Faroe Islands'),
 ('FJ','Fiji Islands'),
 ('FI','Finland'),
 ('FR','France'),
 ('GF','French Guiana'),
 ('PF','French Polynesia'),
 ('TF','French Southern Territories'),
 ('GA','Gabon'),
 ('GM','Gambia, The'),
 ('GE','Georgia'),
 ('DE','Germany'),
 ('GH','Ghana'),
 ('GI','Gibraltar'),
 ('GR','Greece'),
 ('GL','Greenland'),
 ('GD','Grenada'),
 ('GP','Guadeloupe'),
 ('GU','Guam');

INSERT INTO country (`Code`,`Name`) VALUES 
 ('GT','Guatemala'),
 ('GN','Guinea'),
 ('GW','Guinea-Bissau'),
 ('GY','Guyana'),
 ('HT','Haiti'),
 ('HM','Heard and McDonald Islands'),
 ('HN','Honduras'),
 ('HK','Hong Kong S.A.R.'),
 ('HU','Hungary'),
 ('IS','Iceland'),
 ('IN','India'),
 ('ID','Indonesia'),
 ('IR','Iran'),
 ('IQ','Iraq'),
 ('IE','Ireland'),
 ('IL','Israel'),
 ('IT','Italy'),
 ('JM','Jamaica'),
 ('JP','Japan'),
 ('JO','Jordan'),
 ('KZ','Kazakhstan'),
 ('KE','Kenya'),
 ('KI','Kiribati'),
 ('KR','Korea'),
 ('KP','Korea, North'),
 ('KW','Kuwait'),
 ('KG','Kyrgyzstan'),
 ('LA','Laos'),
 ('LV','Latvia'),
 ('LB','Lebanon'),
 ('LS','Lesotho'),
 ('LR','Liberia'),
 ('LY','Libya'),
 ('LI','Liechtenstein'),
 ('LT','Lithuania'),
 ('LU','Luxembourg'),
 ('MO','Macau S.A.R.'),
 ('MK','Macedonia, Former Yugoslav Republic of'),
 ('MG','Madagascar'),
 ('MW','Malawi'),
 ('MY','Malaysia'),
 ('MV','Maldives'),
 ('ML','Mali'),
 ('MT','Malta'),
 ('MH','Marshall Islands'),
 ('MQ','Martinique'),
 ('MR','Mauritania');

INSERT INTO country (`Code`,`Name`) VALUES 
 ('MU','Mauritius'),
 ('YT','Mayotte'),
 ('MX','Mexico'),
 ('FM','Micronesia'),
 ('MD','Moldova'),
 ('MC','Monaco'),
 ('MN','Mongolia'),
 ('MS','Montserrat'),
 ('MA','Morocco'),
 ('MZ','Mozambique'),
 ('MM','Myanmar'),
 ('NA','Namibia'),
 ('NR','Nauru'),
 ('NP','Nepal'),
 ('AN','Netherlands Antilles'),
 ('NL','Netherlands, The'),
 ('NC','New Caledonia'),
 ('NZ','New Zealand'),
 ('NI','Nicaragua'),
 ('NE','Niger'),
 ('NG','Nigeria'),
 ('NU','Niue'),
 ('NF','Norfolk Island'),
 ('MP','Northern Mariana Islands'),
 ('NO','Norway'),
 ('OM','Oman'),
 ('PK','Pakistan'),
 ('PW','Palau'),
 ('PA','Panama'),
 ('PG','Papua new Guinea'),
 ('PY','Paraguay'),
 ('PE','Peru'),
 ('PH','Philippines'),
 ('PN','Pitcairn Island'),
 ('PL','Poland'),
 ('PT','Portugal'),
 ('PR','Puerto Rico'),
 ('QA','Qatar'),
 ('RE','Reunion'),
 ('RO','Romania'),
 ('RU','Russia'),
 ('RW','Rwanda'),
 ('SH','Saint Helena'),
 ('KN','Saint Kitts And Nevis'),
 ('LC','Saint Lucia'),
 ('PM','Saint Pierre and Miquelon'),
 ('VC','Saint Vincent And The Grenadines');

INSERT INTO country (`Code`,`Name`) VALUES 
 ('WS','Samoa'),
 ('SM','San Marino'),
 ('ST','Sao Tome and Principe'),
 ('SA','Saudi Arabia'),
 ('SN','Senegal'),
 ('SC','Seychelles'),
 ('SL','Sierra Leone'),
 ('SG','Singapore'),
 ('SK','Slovakia'),
 ('SI','Slovenia'),
 ('SB','Solomon Islands'),
 ('SO','Somalia'),
 ('ZA','South Africa'),
 ('GS','South Georgia And The South Sandwich Islands'),
 ('ES','Spain'),
 ('LK','Sri Lanka'),
 ('SD','Sudan'),
 ('SR','Suriname'),
 ('SJ','Svalbard And Jan Mayen Islands'),
 ('SZ','Swaziland'),
 ('SE','Sweden'),
 ('CH','Switzerland'),
 ('SY','Syria'),
 ('TW','Taiwan'),
 ('TJ','Tajikistan'),
 ('TZ','Tanzania'),
 ('TH','Thailand'),
 ('TG','Togo'),
 ('TK','Tokelau'),
 ('TO','Tonga'),
 ('TT','Trinidad And Tobago'),
 ('TN','Tunisia'),
 ('TR','Turkey'),
 ('TM','Turkmenistan'),
 ('TC','Turks And Caicos Islands'),
 ('TV','Tuvalu'),
 ('UG','Uganda'),
 ('UA','Ukraine'),
 ('AE','United Arab Emirates'),
 ('UK','United Kingdom'),
 ('US','United States'),
 ('UM','United States Minor Outlying Islands'),
 ('UY','Uruguay');

INSERT INTO country (`Code`,`Name`) VALUES 
 ('UZ','Uzbekistan'),
 ('VU','Vanuatu'),
 ('VA','Vatican City State (Holy See)'),
 ('VE','Venezuela'),
 ('VN','Vietnam'),
 ('VG','Virgin Islands (British)'),
 ('VI','Virgin Islands (US)'),
 ('WF','Wallis And Futuna Islands'),
 ('YE','Yemen'),
 ('YU','Yugoslavia'),
 ('ZM','Zambia'),
 ('ZW','Zimbabwe');

INSERT INTO currency (`ID`,`Name`,`Symbol`,`Rate`,`Enable`,`DefaultCurrency`) VALUES 
 (1,'Argentine Peso','ARS',2.96,1,0),
 (2,'Australian Dollar','AUD',1.46,1,0),
 (3,'Brazilian Real','BRL',3.23,1,0),
 (4,'British Pound','GBP',0.58,1,0),
 (5,'Euro Dollar','EUR',0.85,1,0),
 (6,'Hong Kong Dollar','HKD',7.88,1,0),
 (7,'Indian Rupee','INR',45.85,1,0),
 (8,'Japanese Yen','JPY',113.77,1,0),
 (9,'Korean Won','KRW',1188.77,1,0),
 (10,'Malaysian Ringgit','MYR',3.85,1,0),
 (11,'New Zealand Dollar','NZD',1.65,1,0),
 (12,'Philippine Peso','PHP',56.54,1,0),
 (13,'Russian Rouble','RUB',29.31,1,0),
 (14,'Saudi Arabian Riyal','SAR',3.81,1,0),
 (15,'Singapore Dollar','SGD',1.73,1,0),
 (16,'Swiss Franc','CHF',1.31,1,0),
 (17,'Taiwan Dollar','TWD',33.96,1,0),
 (18,'Thai Bhat','THB',41.19,1,0),
 (19,'US Dollar','USD',1.00,1,1);

INSERT INTO email_admin (`ID`,`admin_useradded_user`,`admin_useradded_admin`,`admin_useradded_supervisor`,`admin_userupdated_user`,`admin_userupdated_admin`,`admin_userupdated_supervisor`,`admin_userdeleted_user`,`admin_userdeleted_admin`,`admin_userdeleted_supervisor`,`admin_userdisabled_user`,`admin_userdisabled_admin`,`admin_userdisabled_supervisor`,`admin_userpassword_user`,`admin_userpassword_admin`,`admin_userpassword_supervisor`,`project_added_team`,`project_added_pm`,`project_updated_team`,`project_updated_pm`,`project_deleted_team`,`project_deleted_pm`,`project_started_team`,`project_started_pm`,`project_closed_team`,`project_closed_pm`,`timesheet_approval_user`,`timesheet_approval_spr`,`timesheet_approval_pm`,`timesheet_approved_user`,`timesheet_approved_spr`,`timesheet_approved_pm`,`timesheet_rejected_user`,`timesheet_rejected_spr`,`timesheet_rejected_pm`,`timesheet_undoreq_user`,`timesheet_undoreq_admin`,`timesheet_undocancel_user`,`timesheet_undocancel_admin`,`timesheet_undoapproved_user`,`timesheet_undoapproved_admin`,`timesheet_due_user`,`timesheet_due_spr`,`timesheet_overdue_user`,`timesheet_overdue_spr`,`expenses_approval_user`,`expenses_approval_pm`,`expenses_approval_spr`,`expenses_approved_user`,`expenses_approved_pm`,`expenses_approved_spr`,`expenses_rejected_user`,`expenses_rejected_pm`,`expenses_rejected_spr`,`expenses_undoreq_user`,`expenses_undoreq_admin`,`expenses_undocancel_user`,`expenses_undocancel_admin`,`expenses_undoapproved_user`,`expenses_undoapproved_admin`) VALUES 
 (1,NULL,NULL,NULL,NULL,NULL,NULL,NULL,NULL,NULL,NULL,NULL,NULL,NULL,NULL,NULL,NULL,NULL,NULL,NULL,NULL,NULL,NULL,NULL,NULL,NULL,NULL,NULL,NULL,NULL,NULL,NULL,NULL,NULL,NULL,NULL,NULL,NULL,NULL,NULL,NULL,NULL,NULL,NULL,NULL,NULL,NULL,NULL,NULL,NULL,NULL,NULL,NULL,NULL,NULL,NULL,NULL,NULL,NULL,NULL);

INSERT INTO email_settings (`ID`,`DefaultMail`,`SenderName`,`MailServer`,`MailPort`,`Authentication`,`MailLogin`,`MailPassword`,`MailFormat`) VALUES 
 (1,'local','','',25,1,'','','HTML');

INSERT INTO email_template (`ID`,`Name`,`Email`,`Subject`,`Content`,`Type`,`Title`) VALUES 
 (1,'[Admin Name]','[Admin Email]','[User Name] has been added to Socket Timesheet','Hi [User Name],\r\n\r\nYou have been successfully added to the Socket Timesheet system.\r\n\r\nLogin: [Login]\r\nPassword: [Password]\r\n\r\n\r\nregards,\r\n[Admin Name]','admin_user_added','Add New User Notification'),
 (2,'[Admin Name]','[Admin Email]','Your User Record Has Been Updated By Administrator','Hi [User Name],\n\nYour user record has been updated by the Administrator.\n\n\nregards,\n[Admin Name]','admin_user_updated','User Record Update Notification'),
 (3,'[Admin Name]','[Admin Email]','Your account has been deleted by Administrator','Hi [User Name],\r\n\r\nYour account in Socket Timesheet has been deleted by the Administrator.\r\n\r\n\r\nregards,\r\n[Admin Name]','admin_user_deleted','User Deleted Notification'),
 (4,'[Admin Name]','[Admin Email]','Your account has been disabled','Hi [User Name],\n\nYour account has been disabled by the Administrator.\n\n\nregards,\n[Admin Name]','admin_user_disabled','User Account Disabled Notification'),
 (5,'[Admin Name]','[Admin Email]','Your password has been changed','Hi [User Name],\r\n\r\nYour password has been changed by the Administrator.\r\n\r\n\r\nregards,\r\n[Admin Name]','admin_password_changed','User Password Changed Notification');

INSERT INTO email_template (`ID`,`Name`,`Email`,`Subject`,`Content`,`Type`,`Title`) VALUES 
 (6,'[PM Name]','[PM Email]','Project: [Project Name] Added','Hi,\r\n\r\nProject [Project Name] has been added.\r\n\r\nProject Manager \r\n[PM Name]\r\n\r\nTeam Members\r\n[Team Name]\r\n\r\nStart Date\r\n[Start Date]\r\n\r\nEnd Date\r\n[End Date]\r\n\r\n\r\nregards,\r\n[PM Name]','project_added','New Project Added Notification'),
 (7,'[PM Name]','[PM Email]','Project: [Project Name] Updated','Hi,\r\n\r\nProject [Project Name] has been updated by Project Manager.\r\n\r\nProject Manager \r\n[PM Name]\r\n\r\nTeam Members\r\n[Team Name]\r\n\r\n\r\nregards,\r\n[PM Name]','project_updated','Project Updated Notification'),
 (8,'[PM Name]','[PM Email]','Project: [Project Name] Deleted','Hi,\n\nProject [Project Name] has been deleted by Project Manager.\n\nProject Manager \n[PM Name]\n\nTeam Members\n[Team Name]\n\n\nregards,\n[PM Name]','project_deleted','Project Deleted Notification'),
 (9,'[PM Name]','[PM Email]','Project: [Project Name] Is Now Starting','Hi,\r\n\r\nProject [Project Name] is now starting.\r\n\r\nProject Manager \r\n[PM Name]\r\n\r\nTeam Members\r\n[Team Name]\r\n\r\nStart Date [Start Date]\r\n\r\n\r\nregards,\r\n[PM Name]','project_started','Project Started Notification'),
 (10,'[PM Name]','[PM Email]','Project: [Project Name] Has Reached The End Date','Hi,\n\nProject [Project Name] has reached the end date.\n\nProject Manager \n[PM Name]\n\nTeam Members\n[Team Name]\n\nEnd Date: [End Date]\n\n\nregards,\n[PM Name]','project_ended','Project End Date Notification');

INSERT INTO email_template (`ID`,`Name`,`Email`,`Subject`,`Content`,`Type`,`Title`) VALUES 
 (11,'Timesheet Email Notification','[User Email]','Timesheet Submitted','Hi,\r\n\r\nTimesheet for week [Week] has been submitted by [User Name].\r\n\r\nTasks\r\n[Timesheet Tasks]\r\n\r\nTimeoff\r\n[Timeoff Tasks]\r\n\r\nOverall\r\n[Overall Status]\r\n\r\n\r\nregards,\r\nTimesheet Email Notification','timesheet_approval','Timesheet Submitted Notification'),
 (12,'Timesheet Email Notification','[Admin Email]','Timesheet Approved','Hi [User Name],\r\n\r\nYour timesheet submission for the week of [Week] has been approved. Current status below:\r\n\r\nTasks\r\n[Timesheet Tasks]\r\n\r\nTimeoff\r\n[Timeoff Tasks]\r\n\r\nOverall\r\n[Overall Status]\r\n\r\n\r\nregards,\r\nTimesheet Email Notification','timesheet_approved','Timesheet Approved Notification'),
 (13,'Timesheet Email Notification','[Admin Email]','Timesheet Rejected','Hi [User Name],\r\n\r\nYour timesheet submission for the week of [Week] has been rejected. Current status below:\r\n\r\nTasks\r\n[Timesheet Tasks]\r\n\r\nTimeoff\r\n[Timeoff Tasks]\r\n\r\nOverall\r\n[Overall Status]\r\n\r\n\r\nregards,\r\nTimesheet Email Notification','timesheet_rejected','Timesheet Rejection Notification'),
 (14,'Timesheet Email Notification','[User Email]','Timesheet Undo Request','Hi,\n\nUser [User Name] has submitted a Timesheet Undo Request for the week of [Week]. Kindly take appropriate action.\n\n\nregards,\nTimesheet Email Notification','timesheet_undo_request','Timesheet Undo Request Notification');

INSERT INTO email_template (`ID`,`Name`,`Email`,`Subject`,`Content`,`Type`,`Title`) VALUES 
 (15,'Timesheet Email Notification','[User Email]','Timesheet Undo Request Cancellation','Hi,\n\nFYI, User [User Name] has cancelled Undo Request for the week of [Week].\n\n\nregards,\nTimesheet Email Notification','timesheet_undo_cancel','Timesheet Undo Request Cancellation Notification'),
 (16,'[Admin Name]','[Admin Email]','Timesheet Undo by Administrator','Hi [User Name],\r\n\r\nYour Timesheet for the week of [Week] has been Undo by the Administrator.\r\n\r\n\r\nregards,\r\n[Admin Name]','timesheet_undo_approved','Timesheet Undo Approved Notification'),
 (17,'Timesheet Email Notification','[Admin Email]','Your Timesheet Is Due','Hi [User Name],\r\n\r\nYour timesheet for the week of [Week] is now due for submission. Please take appropriate action.\r\n\r\n\r\nregards,\r\nTimesheet Email Notification','timesheet_due','Timesheet Due Notification'),
 (18,'Timesheet Email Notification','[Admin Email]','Your Timesheet Is Overdue','Hi [User Name],\n\nYour timesheet for the week of [Week] is now overdue. Please take appropriate action ASAP.\n\n\nregards,\nTimesheet Email Notification','timesheet_overdue','Timesheet Overdue Notification'),
 (19,'Expenses Email Notification','[Admin Email]','Expenses Submitted By [User Name]','Hi,\n\nExpenses submitted by [User Name]\n\nDescription\n[Expenses Description]\n\nOverall Status\n[Overall Status]\n\n\nregards.\nExpenses Email Notification','expenses_approval','Expenses Submitted Notification');

INSERT INTO email_template (`ID`,`Name`,`Email`,`Subject`,`Content`,`Type`,`Title`) VALUES 
 (20,'Expenses Email Notification','[Admin Email]','Expenses Approved','Hi,\n\nYour expenses submission has been approved. Current status below:\n\nDescription\n[Expenses Description]\n\nOverall\n[Overall Status]\n\n\nregards,\nExpenses Email Notification','expenses_approved','Expenses Approval Notification'),
 (21,'Expenses Email Notification','[Admin Email]','Expenses Rejected','Hi,\n\nYour expenses submission has been rejected. Current status below:\n\nDescription\n[Expenses Description]\n\nOverall\n[Overall Status]\n\n\nregards,\nExpenses Email Notification','expenses_rejected','Expenses Rejection Notification'),
 (22,'[User Name]','[Admin Email]','Expenses Undo Request','Hi,\n\nUser [User Name] has submitted a Expenses Undo Request for Expense: [Expenses Description]. Kindly take appropriate action.\n\n\nregards,\nExpenses Email Notification','expenses_undo_request','Expenses Undo Request Notification'),
 (23,'[User Name]','[User Email]','Expenses Undo Request Cancellation','Hi,\n\nUser [User Name] has cancelled the Undo Request for Expenses [Expenses Description]. Kindly take note.\n\n\nregards,\nExpenses Email Notification','expenses_undo_cancel','Expenses Undo Request Cancellation Notification');

INSERT INTO email_template (`ID`,`Name`,`Email`,`Subject`,`Content`,`Type`,`Title`) VALUES 
 (24,'[Admin Name]','[Admin Email]','Expenses Undo Request Approved','Hi [User Name],\n\nYour Expenses Undo Request for [Expenses Description] has been approved.\n\n\nregards,\n[Admin Name]','expenses_undo_approved','Expenses Undo Approved Notification'),
 (25,'[Admin Name]','[Admin Email]','Timesheet Overdue [Week]','Hi [User Name],\r\n\r\nYour current timesheet for the week of [Week] is now overdue. Please take appropriate action ASAP.\r\n\r\n\r\nbest regards,\r\n[Admin Name]','timesheet_overdue_manual','Timesheet Overdue Notification');

INSERT INTO employee_type (`ID`,`Name`,`Description`) VALUES 
 (1,'Full-time salaried','Full Time Employee'),
 (2,'Part-time Salaried','Part Time Employee'),
 (3,'Full-time hourly','Full Time On Hourly Basis'),
 (4,'Part-time Hourly','Part Time On Hourly Basis'),
 (5,'Contractor',''),
 (6,'Consultant',''),
 (7,'Administrator',''),
 (9,'Project Manager','PM for specific project');

INSERT INTO expense (`ID`,`Name`,`Code`,`Description`,`Enable`) VALUES 
 (1,'Airfare','AF9098','Air flights and related',1),
 (2,'Car Rental','CR5678','This is for car rental',1),
 (3,'Entertainment','ET7890','Where is the description?',1),
 (4,'Hotel','HT898','This is another one',1),
 (5,'Local Transporation','LT6754','',1),
 (6,'Meals','ME789','',1),
 (7,'Miscellaneous','MS912','',1),
 (8,'Parking','PK9123','',1),
 (9,'Telephone','T1000','',1),
 (10,'Mileage','ML8780','',1),
 (11,'Tips','TI9098','Tips for hotel restaurant etc',1),
 (12,'Laundry','LAU8909','Laundry Expenses Etc',0);

INSERT INTO name_format (`ID`,`NameFormat`,`Display`) VALUES 
 (1,'CONCAT_WS(\", \",LName,FName)','LName, FName'),
 (2,'CONCAT_WS(\", \",FName,LName)','FName, LName'),
 (3,'FName','FName'),
 (4,'LName','LName');

INSERT INTO period (`ID`,`FirstDay`,`EffectiveDate`,`System`,`EmployeeType`,`Department`,`DayStart`,`DayEnd`,`MinimumWeek`,`MinimumDay`,`SubmitOverdue`,`PrjCloseDisable`,`OffDays`,`OverdueDay`,`DueWeek`,`OverdueWeek`,`EnableUndoTimesheet`) VALUES 
 (1,0,'2007-02-25',1,0,0,'09:00:00','17:00:00',40.00,8.00,5,0,'0:6:',0,1,0,0);

INSERT INTO permission (`ID`,`Name`,`Selection`,`Description`,`Enable`) VALUES 
 (4,'Administrator','administrator','Full Access',1),
 (3,'Supervisor','supervisor','View subordinate timesheet, approve or reject timesheet and report',1),
 (2,'Project Manager','pm','Setup and manage projects, approve timesheets and generate reports',1),
 (1,'Timesheet','timesheet','General permission with the ability to enter time on a timesheet',1),
 (5,'All Reports','report','Can use reporting functions with permissions',1),
 (6,'Expenses','expenses','Submit Expenses',1);

INSERT INTO phase (`ID`,`Name`,`Enable`) VALUES 
 (1,'Requirement',1),
 (2,'Design',1),
 (3,'Implementation',1),
 (4,'Integration',1),
 (5,'Validation',1),
 (6,'Installation',1),
 (7,'Maintenance',1);

INSERT INTO project_config (`ID`,`ConsolidatedHours`,`ParentTaskEnableHours`,`ShowUserDetails`,`PrjPrefix`,`PrjDigit`,`PrjSuffix`,`TaskPrefix`,`TaskDigit`,`TaskSuffix`,`TaskTreeField`,`TaskTreeSort`) VALUES 
 (1,1,1,1,'PRJ',5,'','TASK',5,'','Name','ASC');

INSERT INTO template (`ID`,`Name`,`Path`,`Code`,`Lang`) VALUES 
 (1,'Classic-En','skins','classic','en');

INSERT INTO time_off (`ID`,`Name`,`Code`,`Description`,`Enable`) VALUES 
 (1,'Administrative Tasks','ADM9099','Enable Again?',1),
 (3,'IT Support','IT5676','',1),
 (4,'Leave - Annual','LA0909','',1),
 (5,'Leave - Emergency','LE9876','',1),
 (6,'Leave - Medical','LM9890','',1),
 (7,'Leave - Other Approved Leave','LO765','',1),
 (8,'Leave - Unpaid','LU0987','',1),
 (9,'Public Holiday','PH12432','',1),
 (10,'Business Pursuit','BP9098','General Business Pursuit\'s',1),
 (11,'Training - External','TE9000','',1),
 (12,'Research','RS0900','Research From Various Sources',1),
 (13,'Leisure Time','LT0909','This is my description',1),
 (14,'Lost Time (Blackout etc)','ND911','Recognized natural disaster (company)',1);

INSERT INTO timesheet_approval (`ID`,`UserID`,`Activity`,`Role`,`RoleUserID`) VALUES 
 (1,0,'Task','Project Manager',0),
 (2,0,'Timeoff','Supervisor',0),
 (3,0,'Timeoff','Secondary Supervisor',0),
 (4,0,'Task','Secondary Project Manager',0),
 (5,0,'Overall','System',0),
 (6,1,'Task','Project Manager',0),
 (7,1,'Timeoff','Supervisor',0),
 (8,1,'Timeoff','Secondary Supervisor',0),
 (9,1,'Task','Secondary Project Manager',0),
 (10,1,'Overall','System',0),
 (11,2,'Task','Project Manager',0),
 (12,2,'Task','Secondary Project Manager',0),
 (13,2,'Timeoff','Supervisor',0),
 (14,2,'Timeoff','Secondary Supervisor',0),
 (15,2,'Overall','System',0);

INSERT INTO user_dayoff (`ID`,`UserID`,`EffectiveDate`,`Sunday`,`Monday`,`Tuesday`,`Wednesday`,`Thursday`,`Friday`,`Saturday`) VALUES 
 (1,1,'2007-02-25',1,0,0,0,0,0,1),
 (2,2,'2007-02-25',1,0,0,0,0,0,1);

INSERT INTO user_listing (`ID`,`UserID`,`Listing`,`Settings`) VALUES 
 (1,1,'userlist','a:2:{s:6:\"target\";a:5:{i:0;s:4:\"Name\";i:1;s:13:\"Employee Type\";i:2;s:10:\"Department\";i:3;s:10:\"EmployeeID\";i:4;s:5:\"Email\";}s:6:\"source\";a:3:{i:0;s:10:\"First Name\";i:1;s:9:\"Last Name\";i:2;s:10:\"Supervisor\";}}');

INSERT INTO user_login (`ID`,`Login`,`Password`,`Disable`,`ChangePassword`) VALUES 
 (1,'admin','21232f297a57a5a743894a0e4a801fc3',0,0),
 (2,'user','ee11cbb19052e40b07aac0ca060c23ee',0,0);

INSERT INTO user_permission (`ID`,`UserID`,`PermissionID`) VALUES 
 (1,1,4),
 (2,1,3),
 (3,1,2),
 (4,1,1),
 (5,1,5),
 (6,1,6),
 (10,2,2),
 (9,2,5),
 (11,2,3),
 (12,2,1);

INSERT INTO user_preference (`UserID`,`TaskName`,`TaskCode`,`FullPathName`,`FullPathCode`,`ClientName`,`ClientCode`,`ProjectName`,`ProjectCode`,`ExpenseClientName`,`ExpenseClientCode`,`ExpenseProjectName`,`ExpenseProjectCode`,`DateFormat`,`DayOff`,`WeekView`,`ListNumber`,`NameFormat`,`CurrencyID`,`FieldShow`,`TaskWrap`,`Navigator`,`TimesheetList`,`PrjList`,`OpenTask`,`TaskShow`,`ThousandSeparator`,`DecimalSeparator`,`TruncateCalendarHeadline`) VALUES 
 (1,1,1,0,0,0,0,1,1,1,1,1,1,'d-F-Y','0:6:',1,10,2,19,0,1,NULL,'open','open',0,0,',','.',17),
 (2,1,NULL,1,NULL,1,NULL,1,NULL,1,NULL,1,NULL,'d-m-Y','0:6:',1,5,1,19,0,1,NULL,'open','open',0,0,',','.',17);

INSERT INTO user_prj_listing (`ID`,`UserID`,`ListType`,`FieldList`) VALUES 
 (1,1,'list_project','name:1;task:1;code:1;leader:1;start:1;end:1;status:1;'),
 (2,2,'list_project','name:1;task:1;code:1;leader:1;start:1;end:1;status:1;');

INSERT INTO user_properties (`ID`,`UserID`,`FName`,`LName`,`Department`,`Client`,`Type`,`EmployeeID`,`Email`,`SupervisorID`,`DateCreated`,`DateActivated`,`SupervisorID2`) VALUES 
 (1,1,'Admin','User',0,0,1,'','info@sockettimesheet.com',1,'2007-03-03','2007-02-25',NULL),
 (2,2,'Normal','User',0,0,1,'','info@sockettimesheet.com',1,'2007-03-03','2007-02-25',0);

INSERT INTO user_timeoff (`ID`,`UserID`,`TimeOffID`) VALUES 
 (1,1,1),
 (2,1,3),
 (3,1,4),
 (4,1,5),
 (5,1,6),
 (6,1,7),
 (7,1,8),
 (8,1,9),
 (9,1,10),
 (10,1,11),
 (11,1,12),
 (12,1,13),
 (13,1,14),
 (39,2,11),
 (38,2,12),
 (37,2,9),
 (36,2,14),
 (35,2,13),
 (34,2,8),
 (33,2,7),
 (32,2,6),
 (31,2,5),
 (30,2,4),
 (29,2,3),
 (28,2,10),
 (27,2,1);

INSERT INTO user_timesheet (`ID`,`UserID`,`ApprovalPath`,`ExpensePath`,`HourlyCostSign`,`HourlyCostValue`,`HoursPerDay`,`HoursPerWeek`,`MinimumHour`,`MinimumWeek`,`EmailNotification`,`TimeOffEnable`,`MandatoryTs`) VALUES 
 (1,1,2,2,19,0.00,8.00,40.00,1,1,1,1,1),
 (2,2,0,0,19,0.00,8.00,40.00,1,1,0,1,1);

INSERT INTO email_users (`ID`,`UserID`,`Enable`) VALUES 
 (1,1,1),
 (2,2,1);
